SK_ID_CURR,TARGET,NAME_CONTRACT_TYPE,CODE_GENDER,FLAG_OWN_CAR,FLAG_OWN_REALTY,CNT_CHILDREN,AMT_INCOME_TOTAL,AMT_CREDIT,AMT_ANNUITY,AMT_GOODS_PRICE,NAME_TYPE_SUITE,NAME_INCOME_TYPE,NAME_EDUCATION_TYPE,NAME_FAMILY_STATUS,NAME_HOUSING_TYPE,REGION_POPULATION_RELATIVE,DAYS_BIRTH,DAYS_EMPLOYED,DAYS_REGISTRATION,DAYS_ID_PUBLISH,OWN_CAR_AGE,FLAG_MOBIL,FLAG_EMP_PHONE,FLAG_WORK_PHONE,FLAG_CONT_MOBILE,FLAG_PHONE,FLAG_EMAIL,OCCUPATION_TYPE,CNT_FAM_MEMBERS,REGION_RATING_CLIENT,REGION_RATING_CLIENT_W_CITY,WEEKDAY_APPR_PROCESS_START,HOUR_APPR_PROCESS_START,REG_REGION_NOT_LIVE_REGION,REG_REGION_NOT_WORK_REGION,LIVE_REGION_NOT_WORK_REGION,REG_CITY_NOT_LIVE_CITY,REG_CITY_NOT_WORK_CITY,LIVE_CITY_NOT_WORK_CITY,ORGANIZATION_TYPE,EXT_SOURCE_1,EXT_SOURCE_2,EXT_SOURCE_3,APARTMENTS_AVG,BASEMENTAREA_AVG,YEARS_BEGINEXPLUATATION_AVG,YEARS_BUILD_AVG,COMMONAREA_AVG,ELEVATORS_AVG,ENTRANCES_AVG,FLOORSMAX_AVG,FLOORSMIN_AVG,LANDAREA_AVG,LIVINGAPARTMENTS_AVG,LIVINGAREA_AVG,NONLIVINGAPARTMENTS_AVG,NONLIVINGAREA_AVG,APARTMENTS_MODE,BASEMENTAREA_MODE,YEARS_BEGINEXPLUATATION_MODE,YEARS_BUILD_MODE,COMMONAREA_MODE,ELEVATORS_MODE,ENTRANCES_MODE,FLOORSMAX_MODE,FLOORSMIN_MODE,LANDAREA_MODE,LIVINGAPARTMENTS_MODE,LIVINGAREA_MODE,NONLIVINGAPARTMENTS_MODE,NONLIVINGAREA_MODE,APARTMENTS_MEDI,BASEMENTAREA_MEDI,YEARS_BEGINEXPLUATATION_MEDI,YEARS_BUILD_MEDI,COMMONAREA_MEDI,ELEVATORS_MEDI,ENTRANCES_MEDI,FLOORSMAX_MEDI,FLOORSMIN_MEDI,LANDAREA_MEDI,LIVINGAPARTMENTS_MEDI,LIVINGAREA_MEDI,NONLIVINGAPARTMENTS_MEDI,NONLIVINGAREA_MEDI,FONDKAPREMONT_MODE,HOUSETYPE_MODE,TOTALAREA_MODE,WALLSMATERIAL_MODE,EMERGENCYSTATE_MODE,OBS_30_CNT_SOCIAL_CIRCLE,DEF_30_CNT_SOCIAL_CIRCLE,OBS_60_CNT_SOCIAL_CIRCLE,DEF_60_CNT_SOCIAL_CIRCLE,DAYS_LAST_PHONE_CHANGE,FLAG_DOCUMENT_2,FLAG_DOCUMENT_3,FLAG_DOCUMENT_4,FLAG_DOCUMENT_5,FLAG_DOCUMENT_6,FLAG_DOCUMENT_7,FLAG_DOCUMENT_8,FLAG_DOCUMENT_9,FLAG_DOCUMENT_10,FLAG_DOCUMENT_11,FLAG_DOCUMENT_12,FLAG_DOCUMENT_13,FLAG_DOCUMENT_14,FLAG_DOCUMENT_15,FLAG_DOCUMENT_16,FLAG_DOCUMENT_17,FLAG_DOCUMENT_18,FLAG_DOCUMENT_19,FLAG_DOCUMENT_20,FLAG_DOCUMENT_21,AMT_REQ_CREDIT_BUREAU_HOUR,AMT_REQ_CREDIT_BUREAU_DAY,AMT_REQ_CREDIT_BUREAU_WEEK,AMT_REQ_CREDIT_BUREAU_MON,AMT_REQ_CREDIT_BUREAU_QRT,AMT_REQ_CREDIT_BUREAU_YEAR
100002,1,Cash loans,M,N,Y,0,202500,406597.5,24700.5,351000,Unaccompanied,Working,Secondary / secondary special,Single / not married,House / apartment,0.018801,-9461,-637,-3648,-2120,,1,1,0,1,1,0,Laborers,1,2,2,WEDNESDAY,10,0,0,0,0,0,0,Business Entity Type 3,0.083036967,0.262948593,0.13937578,0.0247,0.0369,0.9722,0.6192,0.0143,0,0.069,0.0833,0.125,0.0369,0.0202,0.019,0,0,0.0252,0.0383,0.9722,0.6341,0.0144,0,0.069,0.0833,0.125,0.0377,0.022,0.0198,0,0,0.025,0.0369,0.9722,0.6243,0.0144,0,0.069,0.0833,0.125,0.0375,0.0205,0.0193,0,0,reg oper account,block of flats,0.0149,"Stone, brick",No,2,2,2,2,-1134,0,1,0,0,0,0,0,0,0,0,0,0,0,0,0,0,0,0,0,0,0,0,0,0,0,1
100003,0,Cash loans,F,N,N,0,270000,1293502.5,35698.5,1129500,Family,State servant,Higher education,Married,House / apartment,0.003541,-16765,-1188,-1186,-291,,1,1,0,1,1,0,Core staff,2,1,1,MONDAY,11,0,0,0,0,0,0,School,0.311267311,0.622245775,,0.0959,0.0529,0.9851,0.796,0.0605,0.08,0.0345,0.2917,0.3333,0.013,0.0773,0.0549,0.0039,0.0098,0.0924,0.0538,0.9851,0.804,0.0497,0.0806,0.0345,0.2917,0.3333,0.0128,0.079,0.0554,0,0,0.0968,0.0529,0.9851,0.7987,0.0608,0.08,0.0345,0.2917,0.3333,0.0132,0.0787,0.0558,0.0039,0.01,reg oper account,block of flats,0.0714,Block,No,1,0,1,0,-828,0,1,0,0,0,0,0,0,0,0,0,0,0,0,0,0,0,0,0,0,0,0,0,0,0,0
100004,0,Revolving loans,M,Y,Y,0,67500,135000,6750,135000,Unaccompanied,Working,Secondary / secondary special,Single / not married,House / apartment,0.010032,-19046,-225,-4260,-2531,26,1,1,1,1,1,0,Laborers,1,2,2,MONDAY,9,0,0,0,0,0,0,Government,,0.555912083,0.729566691,,,,,,,,,,,,,,,,,,,,,,,,,,,,,,,,,,,,,,,,,,,,,,,,0,0,0,0,-815,0,0,0,0,0,0,0,0,0,0,0,0,0,0,0,0,0,0,0,0,0,0,0,0,0,0
100006,0,Cash loans,F,N,Y,0,135000,312682.5,29686.5,297000,Unaccompanied,Working,Secondary / secondary special,Civil marriage,House / apartment,0.008019,-19005,-3039,-9833,-2437,,1,1,0,1,0,0,Laborers,2,2,2,WEDNESDAY,17,0,0,0,0,0,0,Business Entity Type 3,,0.65044169,,,,,,,,,,,,,,,,,,,,,,,,,,,,,,,,,,,,,,,,,,,,,,,,,2,0,2,0,-617,0,1,0,0,0,0,0,0,0,0,0,0,0,0,0,0,0,0,0,0,,,,,,
100007,0,Cash loans,M,N,Y,0,121500,513000,21865.5,513000,Unaccompanied,Working,Secondary / secondary special,Single / not married,House / apartment,0.028663,-19932,-3038,-4311,-3458,,1,1,0,1,0,0,Core staff,1,2,2,THURSDAY,11,0,0,0,0,1,1,Religion,,0.322738287,,,,,,,,,,,,,,,,,,,,,,,,,,,,,,,,,,,,,,,,,,,,,,,,,0,0,0,0,-1106,0,0,0,0,0,0,1,0,0,0,0,0,0,0,0,0,0,0,0,0,0,0,0,0,0,0
100008,0,Cash loans,M,N,Y,0,99000,490495.5,27517.5,454500,"Spouse, partner",State servant,Secondary / secondary special,Married,House / apartment,0.035792,-16941,-1588,-4970,-477,,1,1,1,1,1,0,Laborers,2,2,2,WEDNESDAY,16,0,0,0,0,0,0,Other,,0.354224732,0.621226338,,,,,,,,,,,,,,,,,,,,,,,,,,,,,,,,,,,,,,,,,,,,,,,,0,0,0,0,-2536,0,1,0,0,0,0,0,0,0,0,0,0,0,0,0,0,0,0,0,0,0,0,0,0,1,1
100009,0,Cash loans,F,Y,Y,1,171000,1560726,41301,1395000,Unaccompanied,Commercial associate,Higher education,Married,House / apartment,0.035792,-13778,-3130,-1213,-619,17,1,1,0,1,1,0,Accountants,3,2,2,SUNDAY,16,0,0,0,0,0,0,Business Entity Type 3,0.774761413,0.723999852,0.492060094,,,,,,,,,,,,,,,,,,,,,,,,,,,,,,,,,,,,,,,,,,,,,,,,1,0,1,0,-1562,0,0,0,0,0,0,1,0,0,0,0,0,1,0,0,0,0,0,0,0,0,0,0,1,1,2
100010,0,Cash loans,M,Y,Y,0,360000,1530000,42075,1530000,Unaccompanied,State servant,Higher education,Married,House / apartment,0.003122,-18850,-449,-4597,-2379,8,1,1,1,1,0,0,Managers,2,3,3,MONDAY,16,0,0,0,0,1,1,Other,,0.714279286,0.54065445,,,,,,,,,,,,,,,,,,,,,,,,,,,,,,,,,,,,,,,,,,,,,,,,2,0,2,0,-1070,0,1,0,0,0,0,0,0,0,0,0,0,0,0,0,0,0,0,0,0,0,0,0,0,0,0
100011,0,Cash loans,F,N,Y,0,112500,1019610,33826.5,913500,Children,Pensioner,Secondary / secondary special,Married,House / apartment,0.018634,-20099,365243,-7427,-3514,,1,0,0,1,0,0,,2,2,2,WEDNESDAY,14,0,0,0,0,0,0,XNA,0.587334047,0.205747288,0.751723715,,,,,,,,,,,,,,,,,,,,,,,,,,,,,,,,,,,,,,,,,,,,,,,,1,0,1,0,0,0,1,0,0,0,0,0,0,0,0,0,0,0,0,0,0,0,0,0,0,0,0,0,0,0,1
100012,0,Revolving loans,M,N,Y,0,135000,405000,20250,405000,Unaccompanied,Working,Secondary / secondary special,Single / not married,House / apartment,0.019689,-14469,-2019,-14437,-3992,,1,1,0,1,0,0,Laborers,1,2,2,THURSDAY,8,0,0,0,0,0,0,Electricity,,0.746643629,,,,,,,,,,,,,,,,,,,,,,,,,,,,,,,,,,,,,,,,,,,,,,,,,2,0,2,0,-1673,0,0,0,0,0,0,0,0,0,0,0,0,0,0,0,0,0,0,0,0,,,,,,
100014,0,Cash loans,F,N,Y,1,112500,652500,21177,652500,Unaccompanied,Working,Higher education,Married,House / apartment,0.0228,-10197,-679,-4427,-738,,1,1,0,1,0,0,Core staff,3,2,2,SATURDAY,15,0,0,0,0,0,0,Medicine,0.319760172,0.651862333,0.363945239,,,,,,,,,,,,,,,,,,,,,,,,,,,,,,,,,,,,,,,,,,,,,,,,0,0,0,0,-844,0,1,0,0,0,0,0,0,0,0,0,0,0,0,0,0,0,0,0,0,0,0,0,1,0,0
100015,0,Cash loans,F,N,Y,0,38419.155,148365,10678.5,135000,Children,Pensioner,Secondary / secondary special,Married,House / apartment,0.015221,-20417,365243,-5246,-2512,,1,0,0,1,1,0,,2,2,2,FRIDAY,7,0,0,0,0,0,0,XNA,0.72204445,0.555183162,0.652896552,,,,,,,,,,,,,,,,,,,,,,,,,,,,,,,,,,,,,,,,,,,,,,,,0,0,0,0,-2396,0,0,0,0,1,0,0,0,0,0,0,0,0,0,0,0,0,0,0,0,0,0,0,0,0,2
100016,0,Cash loans,F,N,Y,0,67500,80865,5881.5,67500,Unaccompanied,Working,Secondary / secondary special,Married,House / apartment,0.031329,-13439,-2717,-311,-3227,,1,1,1,1,1,0,Laborers,2,2,2,FRIDAY,10,0,0,0,0,0,0,Business Entity Type 2,0.464831117,0.715041819,0.176652579,0.0825,,0.9811,,,0,0.2069,0.1667,,0.0135,,0.0778,,0,0.084,,0.9811,,,0,0.2069,0.1667,,0.0138,,0.081,,0,0.0833,,0.9811,,,0,0.2069,0.1667,,0.0137,,0.0792,,0,reg oper account,block of flats,0.0612,,No,0,0,0,0,-2370,0,1,0,0,0,0,0,0,0,0,0,0,0,0,0,0,0,0,0,0,0,0,0,1,0,0
100017,0,Cash loans,M,Y,N,1,225000,918468,28966.5,697500,Unaccompanied,Working,Secondary / secondary special,Married,House / apartment,0.016612,-14086,-3028,-643,-4911,23,1,1,0,1,0,0,Drivers,3,2,2,THURSDAY,13,0,0,0,0,0,0,Self-employed,,0.566906613,0.77008707,0.1474,0.0973,0.9806,0.7348,0.0582,0.16,0.1379,0.3333,0.375,0.0931,0.1202,0.1397,0,0,0.1502,0.101,0.9806,0.7452,0.0587,0.1611,0.1379,0.3333,0.375,0.0952,0.1313,0.1456,0,0,0.1489,0.0973,0.9806,0.7383,0.0585,0.16,0.1379,0.3333,0.375,0.0947,0.1223,0.1422,0,0,reg oper account,block of flats,0.1417,Panel,No,0,0,0,0,-4,0,1,0,0,0,0,0,0,0,0,0,0,0,0,0,0,0,0,0,0,0,0,0,0,0,1
